"DateTime_hr","PAR","Tair_al","VPD"
2016-10-31 04:30:00,0,18.2997756004333,0.71966892000656
2016-10-31 04:30:00,0,21.2511434555053,0.889578034620655
2016-10-31 04:30:00,1.4,18.1531686782837,0.742916377151121
2016-10-31 04:30:00,3.4,17.996511777242,0.827080044935261
2016-10-31 04:30:00,3.4,20.8510007858276,0.866255783329222
2016-10-31 04:30:00,0,21.2662777900696,0.901648384808912
2016-10-31 05:00:00,25.7,16.5521943569183,0.586414368372982
2016-10-31 05:00:00,25.7,19.5599136352539,0.810545944622682
2016-10-31 05:00:00,33.7,16.1489233970643,0.584039884762582
2016-10-31 05:00:00,41.5,16.0371077855428,0.675701801655792
2016-10-31 05:00:00,41.5,19.0542669296265,0.734225740828453
2016-10-31 05:00:00,18.4,19.9259591102601,0.789045750502709
2016-10-31 05:30:00,67.7,15.2852413654327,0.525540243380325
2016-10-31 05:30:00,67.7,18.8545241355896,0.621409476251236
2016-10-31 05:30:00,75.6,15.8634338378906,0.572438346889538
2016-10-31 05:30:00,77.3,15.6627869606018,0.612564536401471
2016-10-31 05:30:00,77.3,18.5001955032348,0.670352814526091
2016-10-31 05:30:00,61.8,18.5745029449462,0.649425756304723
2016-10-31 06:00:00,92.9,15.8180856704712,0.591909655749601
2016-10-31 06:00:00,92.9,19.5297527313232,0.695099444524228
2016-10-31 06:00:00,96.1,16.4520106315613,0.543069262106558
2016-10-31 06:00:00,99.8,15.3449110984802,0.651364021220836
2016-10-31 06:00:00,99.8,20.3768281936646,0.686635659185453
2016-10-31 06:00:00,89.7,19.1410531997681,0.671075025506321
2016-10-31 06:30:00,113.8,17.5412135124206,0.676951838452665
2016-10-31 06:30:00,113.8,20.4663367271423,0.692400763370148
2016-10-31 06:30:00,113.8,17.1577954292298,0.583800793955116
2016-10-31 06:30:00,127.5,17.2427161534628,0.697803029230186
2016-10-31 06:30:00,127.5,19.9677028656006,0.740050890352362
2016-10-31 06:30:00,113.6,20.1256165504455,0.696230310547136
2016-10-31 07:00:00,254.6,17.9509735107422,0.900415085598084
2016-10-31 07:00:00,254.6,20.5447807312012,0.901464115857052
2016-10-31 07:00:00,472.7,17.717339515686,0.787361793722329
2016-10-31 07:00:00,508.9,17.7471551895141,0.789393792399763
2016-10-31 07:00:00,508.9,20.7967472076417,0.975991332592649
2016-10-31 07:00:00,144.5,20.6087203025818,0.825508204409767
2016-10-31 07:30:00,948.1,22.1778655052185,1.28429639865044
2016-10-31 07:30:00,948.1,23.200569152832,1.19794537453192
2016-10-31 07:30:00,982.9,23.9546298980712,1.32405899982064
2016-10-31 07:30:00,1018.2,22.3740097681682,1.20349289344731
2016-10-31 07:30:00,1018.2,23.6421279907226,1.26714456484025
2016-10-31 07:30:00,913.4,22.4319434165955,1.0160709745595
2016-10-31 08:00:00,1152.9,23.90012550354,1.51980123256729
2016-10-31 08:00:00,1152.9,23.7692441940307,1.41090136508666
2016-10-31 08:00:00,1185,24.0423603057861,1.46165468172881
2016-10-31 08:00:00,1214.8,20.7294279734293,1.26561871530558
2016-10-31 08:00:00,1214.8,24.134979724884,1.421477628389
2016-10-31 08:00:00,1119.4,23.7718076705932,1.26347481312914
2016-10-31 08:30:00,1336.9,29.3792114257812,1.98732124993964
2016-10-31 08:30:00,1336.9,28.9825768470765,1.97287310464668
2016-10-31 08:30:00,1364.1,29.9948596954345,2.130943956967
2016-10-31 08:30:00,1391.4,28.1982682545979,2.05498154429111
2016-10-31 08:30:00,1432.8,30.1224412918091,2.13405980369015
2016-10-31 08:30:00,1305.6,27.1760597229004,1.66684510833766
2016-10-31 09:00:00,1495.4,30.1389355659485,2.29689059743656
2016-10-31 09:00:00,1495.4,30.2773485183716,2.21085813140546
2016-10-31 09:00:00,1520.7,30.253776550293,2.25000184006622
2016-10-31 09:00:00,1543.7,28.1328603426616,1.97642410096386
2016-10-31 09:00:00,1543.7,30.4330778121948,2.22847826948928
2016-10-31 09:00:00,1470.2,30.2951760292053,2.01287231003626
2016-10-31 09:30:00,1632.2,33.8053493499756,2.64501803537869
2016-10-31 09:30:00,1632.2,33.5118322372437,2.82657710846672
2016-10-31 09:30:00,1680,35.547191619873,2.9803687839711
2016-10-31 09:30:00,1672.1,34.8997179667155,2.76735250811855
2016-10-31 09:30:00,1672.1,34.8656835556031,3.045003894816
2016-10-31 09:30:00,1612.9,32.3108310699463,2.51736666670003
2016-10-31 10:00:00,1716.2,35.1264724731445,2.66380246733576
2016-10-31 10:00:00,1741.5,35.4635591506958,2.90822776251726
2016-10-31 10:00:00,1757.7,34.3310108184814,2.85627114655208
2016-10-31 10:00:00,1772.9,34.762175877889,3.03662552851191
2016-10-31 10:00:00,1772.9,34.4605426788331,2.89397792418082
2016-10-31 10:00:00,1724.8,34.8841800689698,3.39065851542609
2016-10-31 10:30:00,1819.8,37.3463687896729,3.28862298501815
2016-10-31 10:30:00,1819.8,37.1150693893432,3.73126728094476
2016-10-31 10:30:00,1831.6,38.4047403335572,3.78810584106064
2016-10-31 10:30:00,1839.2,37.9865233103434,3.49322508197113
2016-10-31 10:30:00,1839.2,38.4807682037354,3.54205988300681
2016-10-31 10:30:00,1809.9,36.7048282623291,4.13725536242741
2016-10-31 11:00:00,1868.7,38.5307064056396,3.41639890054006
2016-10-31 11:00:00,1868.7,38.4618396759033,3.62126495051518
2016-10-31 11:00:00,1872.6,38.6292514801025,3.26620748352552
2016-10-31 11:00:00,1878.4,35.8427340189616,3.13369199496486
2016-10-31 11:00:00,1878.4,38.4725246429444,3.46202516730742
2016-10-31 11:00:00,1861.9,38.7849588394165,4.18891179730315
2016-10-31 11:30:00,1886.6,40.2326107025146,4.03294102562117
2016-10-31 11:30:00,1886.6,41.3670425415039,5.14963885375395
2016-10-31 11:30:00,1890.8,41.2024745941162,4.00893506138393
2016-10-31 11:30:00,1892.4,41.0339374542236,3.96786160054131
2016-10-31 11:30:00,1892.4,40.9316635131836,4.00583315583807
2016-10-31 11:30:00,1889.2,40.0676040649414,3.65214707951041
2016-10-31 12:00:00,1879.5,42.2377214431763,4.85506079856138
2016-10-31 12:00:00,1879.5,42.1293306350708,3.90580945794714
2016-10-31 12:00:00,1873.6,42.0618562698365,3.8895845502441
2016-10-31 12:00:00,1866.2,42.4994500478109,3.95520126749939
2016-10-31 12:00:00,1866.2,42.4204416275024,3.81797488718214
2016-10-31 12:00:00,1879,42.6918525695801,3.9871936303749
2016-10-31 12:30:00,1826.9,42.8686094284057,4.81823326099237
2016-10-31 12:30:00,1826.9,42.6123657226562,4.18324368105028
2016-10-31 12:30:00,1815.1,42.5044755935669,4.24063033116843
2016-10-31 12:30:00,1803.2,42.7798207600912,4.31695097958275
2016-10-31 12:30:00,1803.2,43.0619421005249,4.42852461674375
2016-10-31 12:30:00,1837.2,43.1621761322021,3.99306918882192
2016-10-31 13:00:00,1746.1,43.1472845077515,4.62714328008694nbs/304_tutorial_4_diurnal_sureau.ipynb
2016-10-31 14:30:00,1294.5,38.9434417088827,3.30091833894757
2016-10-31 14:30:00,1294.5,39.615683555603,3.79725815211219
2016-10-31 14:30:00,1382,38.8890514373779,3.37617673107162
2016-10-31 15:00:00,1171.1,34.6845684051514,2.35234507933829
2016-10-31 15:00:00,1171.1,34.423023223877,2.7164083690262
2016-10-31 15:00:00,1138.2,33.1023788452149,2.80599890339648
2016-10-31 15:00:00,1107.2,33.9309711456299,2.57119507226802
2016-10-31 15:00:00,1107.2,34.2147998809814,3.50504345865711
2016-10-31 15:00:00,1202.8,36.7216548919678,2.93031110830069
2016-10-31 15:30:00,974.2,31.0954918861389,1.82835661735695
2016-10-31 15:30:00,974.2,29.5025343894958,2.04155164107
2016-10-31 15:30:00,940,29.9882545471191,2.30170047303635
2016-10-31 15:30:00,901.4,29.974814414978,2.17305530475065
2016-10-31 15:30:00,901.4,30.5153813362122,2.05818225210331
2016-10-31 15:30:00,1008,31.695592880249,2.50344227009799
2016-10-31 16:00:00,583.3,28.1299848556518,1.4833430518906
2016-10-31 16:00:00,583.3,26.2326984405518,1.69013660504097
2016-10-31 16:00:00,525.9,26.8027844429016,1.76649183143289
2016-10-31 16:00:00,537.8,26.8430816332499,1.48705365480256
2016-10-31 16:00:00,537.8,26.614287853241,1.53033443284
2016-10-31 16:00:00,642.5,28.7333822250366,1.65644724884315
2016-10-31 16:30:00,539.9,26.3491106033325,1.34686218131857
2016-10-31 16:30:00,539.9,25.7547755241395,1.49216707291546
2016-10-31 16:30:00,500.9,25.8413758277893,1.46852701454148
2016-10-31 16:30:00,364.8,25.4273133277893,1.54293026565045
2016-10-31 16:30:00,364.8,26.0683536529541,1.5368461888464
2016-10-31 16:30:00,578.7,25.8149719238281,1.5120033703443
2016-10-31 17:00:00,79.5,25.2125558853149,1.31532959201598
2016-10-31 17:00:00,79.5,25.3041944503784,1.48976175269459
2016-10-31 17:00:00,83.4,24.7257561683655,1.6711850139545
2016-10-31 17:00:00,119,24.6945776939392,1.38639427791415
2016-10-31 17:00:00,119,24.0402326583863,1.55994860301212
2016-10-31 17:00:00,142.8,24.4287395477295,1.39162785236956
2016-10-31 17:30:00,65.9,24.127245426178,1.29720300909455
2016-10-31 17:30:00,65.9,23.9577522277832,1.52447384820829
2016-10-31 17:30:00,53.3,23.6214447021485,1.40879191513892
2016-10-31 17:30:00,48.7,22.1614594459533,1.31241765279349
2016-10-31 17:30:00,48.7,23.4451675415039,1.38701071685975
2016-10-31 17:30:00,108.8,24.0090761184693,1.44345465004203
2016-10-31 18:00:00,22.2,23.2040872573853,1.30620917860201
2016-10-31 18:00:00,22.2,23.0510721206665,1.38528291492653
2016-10-31 18:00:00,15.9,23.2236275672913,1.49097803390009
2016-10-31 18:00:00,10,22.799903233846,1.4366987527378
2016-10-31 18:00:00,10,22.9999942779541,1.41596128833449
2016-10-31 18:00:00,29.1,23.1153659820556,1.430805149101
2016-10-31 18:30:00,0,21.9646949768067,1.27267448402941
2016-10-31 18:30:00,0,21.9022307395935,1.32392820086734
2016-10-31 18:30:00,0,21.4962120056152,1.39180599203388
2016-10-31 18:30:00,0,21.3448947270711,1.24495733997463
2016-10-31 18:30:00,0,21.4034495353699,1.25342731956089
2016-10-31 18:30:00,1,22.2437319755554,1.35545487578448
2016-10-31 19:00:00,0,20.6231541633606,1.21067142148846
2016-10-31 19:00:00,0,20.6946911811829,1.1966370116154
2016-10-31 19:00:00,0,20.4338617324829,1.19038141206894
2016-10-31 19:00:00,0,20.6216835975647,1.20088470496916
2016-10-31 19:00:00,0,20.5125908851623,1.19703301233776
2016-10-31 19:00:00,0,20.8074374198914,1.21692604224131
2016-10-31 19:30:00,0,19.6981735229492,1.18682853942808
2016-10-31 19:30:00,0,19.6853542327881,1.11383647843381
2016-10-31 19:30:00,0,19.7658972740173,1.17258287524567
2016-10-31 19:30:00,0,19.4498090744018,1.1324282982306
2016-10-31 19:30:00,0,19.459496974945,1.12863936682534
2016-10-31 19:30:00,0,19.8450384140015,1.16130466143063
2016-10-31 20:00:00,0,18.9391584396363,1.16443703068761
2016-10-31 20:00:00,0,18.8839178085328,1.04435256305793
2016-10-31 20:00:00,0,18.8142614364624,1.10321443697198
2016-10-31 20:00:00,0,16.1006258328756,0.851556420537917
2016-10-31 20:00:00,0,18.7431478500366,1.06389165391225
2016-10-31 20:00:00,0,19.2351007461547,1.06678442312189
2016-10-31 20:30:00,0,17.7122621536254,1.03751597811758
2016-10-31 20:30:00,0,17.9427604675293,0.988073973956503
2016-10-31 20:30:00,0,17.7907314300537,1.01611143337396
2016-10-31 20:30:00,0,17.6478255589803,0.98323778397144
2016-10-31 20:30:00,0,17.5048956871033,0.964443112242774
2016-10-31 20:30:00,0,18.0101261138916,0.986673508980251
2016-10-31 21:00:00,0,16.0954370498657,0.867556623838678
2016-10-31 21:00:00,0,16.0903491973877,0.826865043824232
2016-10-31 21:00:00,0,15.98126745224,0.876528474959624
2016-10-31 21:00:00,0,15.8584604263306,0.820417950903679
2016-10-31 21:00:00,0,15.815336227417,0.813028922694066
2016-10-31 21:00:00,0,16.2773351669311,0.912053309772693
2016-10-31 21:30:00,0,15.6187729835511,0.841801732806313
2016-10-31 21:30:00,0,15.6513884067536,0.830806835045933
2016-10-31 21:30:00,0,15.8437187671662,0.912979953329707
2016-10-31 21:30:00,0,15.5258022944132,0.818958086582089
2016-10-31 21:30:00,0,15.5018990039825,0.810090932629445
2016-10-31 21:30:00,0,15.6263537406921,0.91787141768279
2016-10-31 22:00:00,0,15.3749523162842,0.844049635698269
2016-10-31 22:00:00,0,15.3632824420929,0.783946746746003
2016-10-31 22:00:00,0,15.5017426013946,0.881089259902507
2016-10-31 22:00:00,0,15.1769433021545,0.779971836119927
2016-10-31 22:00:00,0,15.1542503833771,0.793345687181291
2016-10-31 22:00:00,0,15.1386566162109,0.856044515054879
2016-10-31 22:30:00,0,14.2564752101898,0.743508909240578
2016-10-31 22:30:00,0,14.2277488708496,0.616183052630224
2016-10-31 22:30:00,0,13.7223169803619,0.658361027160388
2016-10-31 22:30:00,0,14.0436520576478,0.635920793833538
2016-10-31 22:30:00,0,14.0625236034393,0.691995697643775
2016-10-31 22:30:00,0,14.7252817153931,0.663844753619244
2016-10-31 23:00:00,0,13.7700977325439,0.699521030759561
2016-10-31 23:00:00,0,13.6992213726044,0.598168443391992
2016-10-31 23:00:00,0,13.303493976593,0.616150837432664
2016-10-31 23:00:00,0,13.2611112594604,0.575100906257104
2016-10-31 23:00:00,0,13.1852345466614,0.61157170620318
2016-10-31 23:00:00,0,13.8849942684173,0.645328413182993
2016-10-31 23:30:00,0,13.1370785236359,0.641676685081478
2016-10-31 23:30:00,0,13.224020242691,0.559947271141627
2016-10-31 23:30:00,0,13.3989648818969,0.577102410533032
2016-10-31 23:30:00,0,13.3262405395508,0.584021243933621
2016-10-31 23:30:00,0,13.3022346496582,0.605296568618953
2016-10-31 23:30:00,0,12.9197750091552,0.562758523741989
2016-11-01,0,13.0770673751831,0.629408993390707
2016-11-01,0,13.0012021064759,0.554738991636187
2016-11-01,0,12.9895133972168,0.557909612957689
2016-11-01,0,12.3622713883718,0.540599144595138
2016-11-01,0,13.0298771858216,0.541383189683301
2016-11-01,0,13.0171411037445,0.569893491886769
2016-11-01 00:30:00,0,13.274183511734,0.641166470433923
2016-11-01 00:30:00,0,13.3481817245484,0.582765150686457
2016-11-01 00:30:00,0,13.6390423774719,0.640991535081402
2016-11-01 00:30:00,0,13.3543583552043,0.575491134419504
2016-11-01 00:30:00,0,13.4855749607087,0.556301942897338
2016-11-01 00:30:00,0,13.3234958648681,0.546002464720694
2016-11-01 01:00:00,0,13.2792892456055,0.637396991614424
2016-11-01 01:00:00,0,13.1952362060547,0.581064725520333
2016-11-01 01:00:00,0,13.3274273872375,0.580339778700549
2016-11-01 01:00:00,0,12.3050378958384,0.540960924768838
2016-11-01 01:00:00,0,13.0487313270568,0.547001820123988
2016-11-01 01:00:00,0,13.4006650447845,0.634442032242189
2016-11-01 01:30:00,0,12.3956377506256,0.54937693353018
2016-11-01 01:30:00,0,12.4467334747315,0.483035044104506
2016-11-01 01:30:00,0,12.5419125556946,0.472900119584033
2016-11-01 01:30:00,0,12.2001446088155,0.475833781871891
2016-11-01 01:30:00,0,12.1782991886139,0.486474531154872
2016-11-01 01:30:00,0,12.3726172447205,0.502057632909137
2016-11-01 02:00:00,0,11.9328947067261,0.497770661946306
2016-11-01 02:00:00,0,11.9549055099488,0.406900550708735
2016-11-01 02:00:00,0,12.3695755004883,0.428024591014848
2016-11-01 02:00:00,0,12.0668861865997,0.434108250137492
2016-11-01 02:00:00,0,12.0727875232696,0.477198854437168
2016-11-01 02:00:00,0,11.9584610462189,0.367803494577372
2016-11-01 02:30:00,0,12.2157714366913,0.507518840827279
2016-11-01 02:30:00,0,12.1801943778992,0.390309828075293
2016-11-01 02:30:00,0,12.3173232078552,0.403159635949862
2016-11-01 02:30:00,0,12.2203070322673,0.413757381437072
2016-11-01 02:30:00,0,12.2373023033142,0.48017561395034
2016-11-01 02:30:00,0,12.1951215267182,0.431774699466453
2016-11-01 03:00:00,0,12.8305652141571,0.54488623029007
2016-11-01 03:00:00,0,12.9525737762451,0.397535763575116
2016-11-01 03:00:00,0,12.9104537963868,0.428167302009928
2016-11-01 03:00:00,0,13.1364175478618,0.458380661794413
2016-11-01 03:00:00,0,13.1764483451843,0.537589988320317
2016-11-01 03:00:00,0,12.6248331069947,0.458645722529162
2016-11-01 03:30:00,0,13.3720066547394,0.578501962372071
2016-11-01 03:30:00,0,13.2698411941528,0.413373070362266
2016-11-01 03:30:00,0,13.5742778778076,0.455259592982237
2016-11-01 03:30:00,0,12.4326272010804,0.417502211107772
2016-11-01 03:30:00,0,13.1533858776092,0.522519911873297
2016-11-01 03:30:00,0,13.3838529586792,0.433389629285581
2016-11-01 04:00:00,0,12.850521326065,0.520857137887666
2016-11-01 04:00:00,0,12.8487319946289,0.442832871225123
2016-11-01 04:00:00,0,12.9957520961762,0.414516710688753
2016-11-01 04:00:00,0,12.684547106425,0.381733931393206
2016-11-01 04:00:00,0,12.6572608947754,0.468819876312389
2016-11-01 04:00:00,0,12.9050726890564,0.419222241669266
2016-11-01 04:30:00,0,12.4258594512939,0.471794910910743
2016-11-01 04:30:00,0,12.4379329681396,0.41704070517852
2016-11-01 04:30:00,0,12.505868434906,0.379732631474468
2016-11-01 04:30:00,0,12.1469240188599,0.337942264011564
2016-11-01 04:30:00,0,12.0973281860352,0.410324308049406
2016-11-01 04:30:00,0,12.2991228103637,0.40889475578354
2016-11-01 05:00:00,26.6,11.6685538291931,0.400214721309112
2016-11-01 05:00:00,26.6,11.699955701828,0.34696017393366
2016-11-01 05:00:00,33.3,11.6074299812317,0.315187366851631
2016-11-01 05:00:00,42,11.4978694915771,0.296550856376779
2016-11-01 05:00:00,42,11.4174933433533,0.319164061494927
2016-11-01 05:00:00,30,11.4658994674683,0.290569075176984
2016-11-01 05:30:00,72,11.8348188400269,0.38428779867497
2016-11-01 05:30:00,72,12.3279669284821,0.345641495839777
2016-11-01 05:30:00,77,12.3417489528656,0.31954607831275
2016-11-01 05:30:00,81.3,12.4411164124806,0.317341505666886
2016-11-01 05:30:00,81.3,12.487803697586,0.322077965374989
2016-11-01 05:30:00,63.7,11.84690284729,0.279736730678173
2016-11-01 06:00:00,100.1,13.3730313777924,0.426282372173419
2016-11-01 06:00:00,100.1,14.5336804389954,0.347661502283823
2016-11-01 06:00:00,107.9,14.2735371589661,0.367123288641794
2016-11-01 06:00:00,114.6,14.3253743648529,0.353624846744719
2016-11-01 06:00:00,114.6,15.0140964984894,0.422912628461982
2016-11-01 06:00:00,95.1,13.6179275512695,0.363338468819481
2016-11-01 06:30:00,129.7,16.5711545944214,0.543531298362673
2016-11-01 06:30:00,129.7,16.2848062515259,0.595651877188189
2016-11-01 06:30:00,157,16.6825823783875,0.610185520905884
2016-11-01 06:30:00,206.7,17.1395378112793,0.568094304822836
2016-11-01 06:30:00,206.7,16.9269099235534,0.699988683531156
2016-11-01 06:30:00,137,15.9394125938415,0.515173558552765
2016-11-01 07:00:00,366.2,19.0113120079041,0.797832951961964
2016-11-01 07:00:00,366.2,18.2096543312073,0.855915470243516
2016-11-01 07:00:00,519.8,18.5701746940613,0.825984593696935
2016-11-01 07:00:00,349.7,17.4364207585653,0.734326887489688
2016-11-01 07:00:00,349.7,18.7755808830262,0.890345461555132
2016-11-01 07:00:00,316.9,18.2780408859253,0.717020779493233
2016-11-01 07:30:00,597.5,19.3181366920471,0.80566895104716
2016-11-01 07:30:00,597.5,19.1090386708577,0.8679008917653
2016-11-01 07:30:00,578.7,19.5042662620545,0.8144910707829
2016-11-01 07:30:00,742.6,19.7826741536458,0.868530547796065
2016-11-01 07:30:00,742.6,19.9507703781128,0.895015663856651
2016-11-01 07:30:00,573.6,19.2778444290161,0.744365406981819
2016-11-01 08:00:00,970,21.1382131576538,1.02397963645022
2016-11-01 08:00:00,970,21.2974643707275,0.966518531426029
2016-11-01 08:00:00,624.6,21.0234870910645,0.983716370848839
2016-11-01 08:00:00,624.6,20.8570175170898,0.977784335399106
2016-11-01 08:00:00,647.9,20.2611413002015,0.781260362892984
2016-11-01 08:30:00,1403.1,25.1482014656067,1.48427038039461
2016-11-01 08:30:00,1403.1,24.9152736663819,1.35790191109251
2016-11-01 08:30:00,902.6,24.7480449676513,1.40341366339437
2016-11-01 08:30:00,846.3,22.4095134735107,1.25928346181576
2016-11-01 08:30:00,712.2,24.6046524047852,1.29647481790038
2016-11-01 08:30:00,971.4,22.733925819397,0.973663570498348
2016-11-01 09:00:00,1476.5,26.9462385177613,1.71279006812874
2016-11-01 09:00:00,1476.5,27.1990113258362,1.59150976205447
2016-11-01 09:00:00,1502.5,27.2563095092774,1.7749954028484
2016-11-01 09:00:00,1596.9,27.8231453895569,1.85012756566591
2016-11-01 09:00:00,1596.9,27.6834411621094,1.66005928530792
2016-11-01 09:00:00,1202.5,26.078748703003,1.31822144709543
2016-11-01 09:30:00,1023.8,28.3950023651123,1.90400377209986
2016-11-01 09:30:00,1023.8,28.2836456298828,1.75589772920762
2016-11-01 09:30:00,1634,29.0701694488525,1.92375527473519
2016-11-01 09:30:00,1609,28.0728855133056,1.94831172606113
2016-11-01 09:30:00,1609,29.7255401611328,2.02392654052581
2016-11-01 09:30:00,1545.5,28.6711883544922,1.66615408750852
2016-11-01 10:00:00,1671.8,31.2219200134277,2.18922111689237
2016-11-01 10:00:00,1671.8,31.4604721069336,2.34854883356128
2016-11-01 10:00:00,1712.1,31.6996016502381,2.38139428194687
2016-11-01 10:00:00,1725.4,31.6676189104716,2.36579622015849
2016-11-01 10:00:00,1725.4,31.9198398590088,2.40090634810052
2016-11-01 10:00:00,1691.8,31.1508440971375,2.13739381183764
2016-11-01 10:30:00,1474.4,33.6884994506836,2.45736973235323
2016-11-01 10:30:00,1474.4,33.8518314361572,2.74471351043559
2016-11-01 10:30:00,1690.5,34.3066778182983,2.85560007117488
2016-11-01 10:30:00,1774,34.5464235941569,2.95213557939279
2016-11-01 10:30:00,1774,34.7129306793213,2.81480132782899
2016-11-01 10:30:00,1695.3,33.0286927223205,2.56690597225852
2016-11-01 11:00:00,1899.6,35.4889869689941,2.77690693269474
2016-11-01 11:00:00,1899.6,36.0676345825195,3.26180047729282
2016-11-01 11:00:00,1908.3,37.8794269561768,3.76028948962345
2016-11-01 11:00:00,1907.2,38.7026437123616,3.76632784394311
2016-11-01 11:00:00,1907.2,38.3762912750244,3.56746108950824
2016-11-01 11:00:00,1865.9,35.9169025421143,3.47310761338847
2016-11-01 11:30:00,1930.8,40.8345947265625,4.62808630968521
2016-11-01 11:30:00,1930.8,40.1547718048095,4.13115931994908
2016-11-01 11:30:00,1902,41.5222663879395,4.63104537256987
2016-11-01 11:30:00,1899.2,42.1614424387614,4.80986015067443
2016-11-01 11:30:00,1899.2,41.9702453613281,4.78075868826064
2016-11-01 11:30:00,1928.1,41.3454189300538,4.79639917765295
2016-11-01 12:00:00,1893.4,42.8813705444336,4.99045265523361
2016-11-01 12:00:00,1893.4,43.1223297119141,4.33519668277422
2016-11-01 12:00:00,1649,43.2982635498047,4.8940481877031
2016-11-01 12:00:00,1659.6,39.4718933105468,3.87947649275563
2016-11-01 12:00:00,1659.6,43.169361114502,4.38028124023992
2016-11-01 12:00:00,1457.6,42.2519149780273,5.31200705321516
2016-11-01 12:30:00,1804.6,43.7924747467041,5.03230718857309
2016-11-01 12:30:00,1804.6,43.8527221679688,4.56721488442284
2016-11-01 12:30:00,1796.2,43.8599948883057,4.36100470752016
2016-11-01 12:30:00,1799,37.3045152028402,3.17094681812191
2016-11-01 12:30:00,1799,44.9905319213867,5.94319208515805
2016-11-01 12:30:00,1861.6,44.1219100952148,5.68305546573145
2016-11-01 13:00:00,1750.1,43.6146640777588,4.62369426606227
2016-11-01 13:00:00,1750.1,42.8973369598389,4.65934829790662
2016-11-01 13:00:00,1703.2,43.4068269729615,5.18949294487738
2016-11-01 13:00:00,1703.1,43.1689777374268,4.77373407887222
2016-11-01 13:00:00,1703.1,43.5607624053956,5.02117182159305
2016-11-01 13:00:00,1764.4,43.2806682586669,5.02139038390182
2016-11-01 13:30:00,1629.9,42.8555545806885,4.3180994396299
2016-11-01 13:30:00,1629.9,43.3147487640381,4.83829689240741
2016-11-01 13:30:00,1611.4,43.3863296508789,4.80261636761381
2016-11-01 13:30:00,1592.3,40.0057274500529,4.48345482014641
2016-11-01 13:30:00,1592.3,43.0828313827515,4.78772578823071
2016-11-01 13:30:00,1647.2,43.3548965454101,5.21944045035107
2016-11-01 14:00:00,1510.8,42.1385288238526,4.5953594016185
2016-11-01 14:00:00,1510.8,42.3867645263672,4.92166367549635
2016-11-01 14:00:00,1493,42.3466339111328,4.62018862410066
2016-11-01 14:00:00,1447.2,39.2139145533244,4.12766266360035
2016-11-01 14:00:00,1447.2,42.2686357498169,4.96299902796299
2016-11-01 14:00:00,1527,43.6061496734619,5.27637506176128
2016-11-01 14:30:00,1296.2,39.2769441604615,4.10940482860123
2016-11-01 14:30:00,1296.2,40.471887588501,4.57739674128143
2016-11-01 14:30:00,1251.1,40.2036104202271,4.37765129235342
2016-11-01 14:30:00,1067,36.7581876118978,3.71149840693628
2016-11-01 14:30:00,1067,39.5254144668579,4.15670203155099
2016-11-01 14:30:00,1156,39.6357192993164,4.13561415218644
2016-11-01 15:00:00,1153.1,39.3418130874634,4.33180192314444
2016-11-01 15:00:00,1153.1,39.7497787475586,4.14620376445303
2016-11-01 15:00:00,1119.5,38.9012451171875,4.08682224651097
2016-11-01 15:00:00,1086.6,35.3933919270833,3.47953100435155
2016-11-01 15:00:00,1086.6,38.2024879455567,3.83464388872947
2016-11-01 15:00:00,1181.9,39.7437715530396,4.0778320632194
2016-11-01 15:30:00,959.1,35.8466749191284,3.57867188976097
2016-11-01 15:30:00,959.1,35.4046325683594,3.44912976880515
2016-11-01 15:30:00,923.9,35.4124221801758,3.52286867956167
2016-11-01 15:30:00,879.2,35.7594741185506,3.61008232763878
2016-11-01 15:30:00,879.2,35.9784927368164,3.72102847414405
2016-11-01 15:30:00,990.5,35.9650993347168,3.60732440084637
2016-11-01 16:00:00,569.9,34.3942451477051,3.37117319619929
2016-11-01 16:00:00,569.9,32.9157190322876,3.04621341302402
2016-11-01 16:00:00,527.4,33.4746475219726,3.19498483904785
2016-11-01 16:00:00,477.8,30.3977785110473,2.61759538284904
2016-11-01 16:00:00,477.8,32.8123512268067,2.89842012365517
2016-11-01 16:00:00,607.8,34.1821718215942,3.28949893182215
2016-11-01 16:30:00,532,31.7681093215942,2.95877893176239
2016-11-01 16:30:00,532,31.1887149810791,2.73140149567246
2016-11-01 16:30:00,486,30.8227252960205,2.70063123443417
2016-11-01 16:30:00,183.6,31.0356661478678,2.73542159906756
2016-11-01 16:30:00,183.6,30.9760332107544,2.74597757428208
2016-11-01 16:30:00,555.8,32.6412448883057,2.91742830508846
2016-11-01 17:00:00,88.4,30.5187921524047,2.52954005637016
2016-11-01 17:00:00,88.4,30.6036376953125,2.61262005249443
2016-11-01 17:00:00,106.9,29.9348397254944,2.53385003509926
2016-11-01 17:00:00,134.2,30.0670517285664,2.52522068523749
2016-11-01 17:00:00,134.2,29.2234749794006,2.37058482671645
2016-11-01 17:00:00,135.6,30.1487631797791,2.5954591397885
2016-11-01 17:30:00,70.7,28.3648886680604,2.01268181607237
2016-11-01 17:30:00,70.7,28.6154766082764,2.00001401559287
2016-11-01 17:30:00,59.2,28.1389651298523,2.078491003147
2016-11-01 17:30:00,52.5,28.1063534418742,1.91095946915597
2016-11-01 17:30:00,52.5,27.9061260223389,1.94731815362917
2016-11-01 17:30:00,121.4,28.7328591346741,2.10657364923996
2016-11-01 18:00:00,24.2,26.8937458992004,1.73649045442322
2016-11-01 18:00:00,24.2,26.878888130188,1.54326558235334
2016-11-01 18:00:00,16.9,26.6775517463684,1.74504239234539
2016-11-01 18:00:00,11.1,26.5035260518392,1.50232906540991
2016-11-01 18:00:00,11.1,26.4423351287842,1.63463197704158
2016-11-01 18:00:00,31.4,27.2512903213501,1.62982267294873
2016-11-01 18:30:00,0,25.3025579452515,1.49521215729154
2016-11-01 18:30:00,0,25.3104400634766,1.21889672884474
2016-11-01 18:30:00,0,25.0266890525818,1.37797970660613
2016-11-01 18:30:00,0,24.8448599179586,1.18210203228981
2016-11-01 18:30:00,0,24.8257341384888,1.37386553029415
2016-11-01 18:30:00,1.2,25.6131463050842,1.21430572712113
2016-11-01 19:00:00,0,24.4478940963745,1.40756966282859
2016-11-01 19:00:00,0,24.4077816009521,1.04069526234393
2016-11-01 19:00:00,0,24.2923407554627,1.17985651695692
2016-11-01 19:00:00,0,24.2005933125814,1.0602530836131
2016-11-01 19:00:00,0,24.1360936164856,1.28112336951678
2016-11-01 19:00:00,0,24.5282421112061,1.10713386573629
2016-11-01 19:30:00,0,23.4032163619995,1.27582781332229
2016-11-01 19:30:00,0,23.3235359191894,0.81123960450329
2016-11-01 19:30:00,0,23.2134084701538,0.977632650441469
2016-11-01 19:30:00,0,23.1586796442667,0.893068742460833
2016-11-01 19:30:00,0,23.1833505630493,1.14058852754441
2016-11-01 19:30:00,0,23.4655466079712,0.854244499715764
2016-11-01 20:00:00,0,22.366991519928,1.1529876541544
2016-11-01 20:00:00,0,22.3925199508667,0.692760364155289
2016-11-01 20:00:00,0,22.222427368164,0.846358162260838
2016-11-01 20:00:00,0,22.1276222864787,0.741268085532588
2016-11-01 20:00:00,0,22.110731124878,0.991375296277326
2016-11-01 20:00:00,0,22.7266664505005,0.726857462628735
2016-11-01 20:30:00,0,22.1816244125366,1.15342975661969
2016-11-01 20:30:00,0,22.0842971801758,0.671487849705414
2016-11-01 20:30:00,0,22.1116142272949,0.85706293489826
2016-11-01 20:30:00,0,22.0733030637106,0.711114564850665
2016-11-01 20:30:00,0,21.9322166442871,0.857359979540567
2016-11-01 20:30:00,0,22.0243330001831,0.682559415425499
2016-11-01 21:00:00,0,21.6024446487427,1.08410447763871
2016-11-01 21:00:00,0,21.5700783729553,0.648650144186342
2016-11-01 21:00:00,0,21.6097202301026,0.83161839549281
2016-11-01 21:00:00,0,21.5995542208354,0.675675622999648
2016-11-01 21:00:00,0,21.6277422904968,0.737354691456035
2016-11-01 21:00:00,0,21.7012300491333,0.671860023979978
2016-11-01 21:30:00,0,20.7526321411132,0.975530602571219
2016-11-01 21:30:00,0,20.7372951507569,0.610760506255543
2016-11-01 21:30:00,0,20.4392733573914,0.743201808175198
2016-11-01 21:30:00,0,20.2608780860901,0.589346592414118
2016-11-01 21:30:00,0,20.1665353775024,0.601010869055872
2016-11-01 21:30:00,0,21.0685205459595,0.642974878574397
2016-11-01 22:00:00,0,19.592752456665,0.812174640429105
2016-11-01 22:00:00,0,19.6200966835022,0.576217796994299
2016-11-01 22:00:00,0,19.599250793457,0.703375572013795
2016-11-01 22:00:00,0,19.6510257720947,0.587581475426858
2016-11-01 22:00:00,0,19.6555681228638,0.605289437583974
2016-11-01 22:00:00,0,19.654794216156,0.568493661369339
2016-11-01 22:30:00,0,19.9368424415589,0.859549584611197
2016-11-01 22:30:00,0,19.910195350647,0.610830569765667
2016-11-01 22:30:00,0,20.0411896705628,0.774005922714468
2016-11-01 22:30:00,0,20.0713009834289,0.637708436565901
2016-11-01 22:30:00,0,20.0586175918579,0.642335291716575
2016-11-01 22:30:00,0,19.799859046936,0.610220908262474
2016-11-01 23:00:00,0,19.5663571357727,0.825715978952402
2016-11-01 23:00:00,0,19.5584616661072,0.578874884239645
2016-11-01 23:00:00,0,19.3687810897827,0.711699355552812
2016-11-01 23:00:00,0,19.2190979321797,0.562505299909561
2016-11-01 23:00:00,0,19.2100086212158,0.575547696146224
2016-11-01 23:00:00,0,19.7298607826233,0.616431149805977
2016-11-01 23:30:00,0,18.5327920913696,0.731588463522692
2016-11-01 23:30:00,0,18.4957551956176,0.524122063878719
2016-11-01 23:30:00,0,18.4773511886597,0.65258443884837
2016-11-01 23:30:00,0,17.372331460317,0.512478018935447
2016-11-01 23:30:00,0,18.5710258483887,0.561096004316706
2016-11-01 23:30:00,0,18.568681716919,0.548575456070377
2016-11-02,0,18.7309627532959,0.794203776488781
2016-11-02,0,18.6257540384929,0.559110720246531
2016-11-02,0,18.5140981674194,0.685975181514032
2016-11-02,0,17.194651444753,0.509709972610493
2016-11-02,0,18.3718900680542,0.555365430827391
2016-11-02,0,18.7861557006836,0.576580949058413
2016-11-02 00:30:00,0,17.963255405426,0.729361879901501
2016-11-02 00:30:00,0,17.9205303192138,0.522444805868401
2016-11-02 00:30:00,0,17.8903012275696,0.648494271874647
2016-11-02 00:30:00,0,17.9098456700643,0.527204704107092
2016-11-02 00:30:00,0,17.8536119461059,0.531346835909342
2016-11-02 00:30:00,0,18.0517611503601,0.548253848036452
2016-11-02 01:00:00,0,17.7080702781677,0.732074006540453
2016-11-02 01:00:00,0,17.7531795501709,0.520985829416893
2016-11-02 01:00:00,0,17.6956267356872,0.652890979174936
2016-11-02 01:00:00,0,16.4910416603089,0.494123354285724
2016-11-02 01:00:00,0,17.6301879882812,0.534589771998695
2016-11-02 01:00:00,0,17.6697912216187,0.531332155984756
2016-11-02 01:30:00,0,16.8061866760254,0.662133040188179
2016-11-02 01:30:00,0,16.7078971862793,0.473471643686875
2016-11-02 01:30:00,0,16.5831575393677,0.568928157360294
2016-11-02 01:30:00,0,16.4999856948853,0.45506247195067
2016-11-02 01:30:00,0,16.5633411407471,0.473259154572389
2016-11-02 01:30:00,0,16.9244303703308,0.488252285152099
2016-11-02 02:00:00,0,16.5267124176025,0.652644784716706
2016-11-02 02:00:00,0,16.564811706543,0.476720717299946
2016-11-02 02:00:00,0,16.5173978805542,0.586112254491802
2016-11-02 02:00:00,0,16.4531946182251,0.479060823578189
2016-11-02 02:00:00,0,16.3989849090576,0.48019321274428
2016-11-02 02:00:00,0,16.4989547729492,0.479430042767824
2016-11-02 02:30:00,0,16.1124286651612,0.632827722990511
2016-11-02 02:30:00,0,16.0975742340087,0.467371709319684
2016-11-02 02:30:00,0,16.0200657844543,0.569043883083498
2016-11-02 02:30:00,0,15.9774459203085,0.463753423468889
2016-11-02 02:30:00,0,15.9685735702515,0.470813101826398
2016-11-02 02:30:00,0,16.1658926010132,0.481993033102582
2016-11-02 03:00:00,0,15.7226641178131,0.609270733383971
2016-11-02 03:00:00,0,15.7121772766113,0.457658898281713
2016-11-02 03:00:00,0,15.6521127223969,0.554267481900378
2016-11-02 03:00:00,0,15.589684009552,0.455219842934527
2016-11-02 03:00:00,0,15.5304837226867,0.454810294747182
2016-11-02 03:00:00,0,15.7954270839691,0.471304549585904
2016-11-02 03:30:00,0,15.0930480957031,0.571030937252632
2016-11-02 03:30:00,0,15.0685956478119,0.428320691433061
2016-11-02 03:30:00,0,14.9550981521606,0.513017263762594
2016-11-02 03:30:00,0,14.9537274042765,0.428817809368476
2016-11-02 03:30:00,0,14.9446105957031,0.433818330115292
2016-11-02 03:30:00,0,15.0869548320771,0.437784903626953
2016-11-02 04:00:00,0,14.9110765457153,0.569593389159687
2016-11-02 04:00:00,0,14.8603751659393,0.4323160541555
2016-11-02 04:00:00,0,14.881769657135,0.525002813042342
2016-11-02 04:00:00,0,14.9885604381561,0.445876585903418
2016-11-02 04:00:00,0,14.9677505493164,0.4459356146687
2016-11-02 04:00:00,0,14.8356037139893,0.433347659467164
2016-11-02 04:30:00,0.2,15.1638441085816,0.60096880260433
2016-11-02 04:30:00,0.2,15.1694540977478,0.456065646490161
2016-11-02 04:30:00,1.8,15.1599004268646,0.543821307021944
2016-11-02 04:30:00,4.1,15.0546084245046,0.445199180627669
2016-11-02 04:30:00,4.1,15.0720653533936,0.443561331496645
2016-11-02 04:30:00,0,15.2672691345215,0.464595644685138
2016-11-02 05:00:00,25.2,14.5635826587677,0.551973859260299
2016-11-02 05:00:00,25.2,14.6496257781982,0.420811968544362
2016-11-02 05:00:00,31.7,14.6463007926941,0.496854424030184
2016-11-02 05:00:00,37.5,14.7362333933512,0.423752587141087
2016-11-02 05:00:00,37.5,14.7068862915039,0.425883980382248
2016-11-02 05:00:00,18.3,14.5975844860077,0.411986076922047
2016-11-02 05:30:00,69,15.1991724967957,0.581758742821289
2016-11-02 05:30:00,69,15.7208685874939,0.424558290037789
2016-11-02 05:30:00,63.1,15.8342332839966,0.488636911476776
2016-11-02 05:30:00,67.1,16.0240551630656,0.432529048035656
2016-11-02 05:30:00,67.1,16.2752919197083,0.467231012744603
2016-11-02 05:30:00,53.9,15.4667103290558,0.436767214076301
2016-11-02 06:00:00,78.5,17.5123777389527,0.713723555239052
2016-11-02 06:00:00,78.5,18.8550124168396,0.426433698719428
2016-11-02 06:00:00,79.3,18.5362277030945,0.487005470400859
2016-11-02 06:00:00,81.6,18.5887705485026,0.458570856496357
2016-11-02 06:00:00,81.6,19.5985527038575,0.500563374532487
2016-11-02 06:00:00,75.9,18.1721420288086,0.387851966916024
2016-11-02 06:30:00,95.3,20.8965816497803,0.880087771139978
2016-11-02 06:30:00,95.3,20.6221752166748,0.46852122144702
2016-11-02 06:30:00,101.6,21.0813398361206,0.554360548183121
2016-11-02 06:30:00,112.5,21.150406519572,0.534888910273992
2016-11-02 06:30:00,112.5,21.287320613861,0.575492927206224
2016-11-02 06:30:00,100.1,20.0475687980652,0.393666426865871
2016-11-02 07:00:00,317.4,23.9114122390747,0.863885886114969
2016-11-02 07:00:00,317.4,23.1565737724304,0.775285555817357
2016-11-02 07:00:00,530.8,23.3800954818726,0.784186564294505
2016-11-02 07:00:00,508.1,23.4508161544799,0.779112069152764
2016-11-02 07:00:00,508.1,23.1949429512024,0.894891615534054
2016-11-02 07:00:00,128.8,22.41233253479,0.668741116990477
2016-11-02 07:30:00,946.4,24.4379420280457,1.15091747612413
2016-11-02 07:30:00,946.4,24.6035270690918,1.10023209818345
2016-11-02 07:30:00,977.7,24.8904485702515,1.12587386862958
2016-11-02 07:30:00,1009.3,25.3630170822143,1.16869531739809
2016-11-02 07:30:00,1009.3,25.1327810287476,1.20007610328819
2016-11-02 07:30:00,914.9,24.5641112327576,0.909953480166697
2016-11-02 08:00:00,1136,26.6766333580017,1.41693552262357
2016-11-02 08:00:00,1136,26.7218914031982,1.45234746658764
2016-11-02 08:00:00,1166.1,27.0336723327637,1.48706477212751
2016-11-02 08:00:00,1196.3,27.1948256492615,1.66641027581467
2016-11-02 08:00:00,1196.3,27.3004560470581,1.53888389777892
2016-11-02 08:00:00,1104.1,26.3765625953674,1.20439422355636
2016-11-02 08:30:00,1310.1,28.5454335212708,1.7563654234294
2016-11-02 08:30:00,1310.1,28.4069523811341,1.76463506373115
2016-11-02 08:30:00,1337,28.7836647033691,1.79800890477478
2016-11-02 08:30:00,1364,29.1135891278585,1.91187308493012
2016-11-02 08:30:00,1323.6,28.6261415481567,1.79273802219634
2016-11-02 08:30:00,1282.3,28.0637063980103,1.51971408445415
2016-11-02 09:00:00,1464.6,29.8592128753662,2.09772059965117
2016-11-02 09:00:00,1430.2,29.3843097686768,1.99228991230001
2016-11-02 09:00:00,1453.4,29.9191722869873,2.0571867366927
2016-11-02 09:00:00,1540.2,30.2036209106445,2.26172205020816
2016-11-02 09:00:00,1508.9,30.1884031295777,2.19853907836744
2016-11-02 09:00:00,1404.4,29.2109622955322,1.75057151283687
2016-11-02 09:30:00,1619.8,32.2135238647461,2.76461967004059
2016-11-02 09:30:00,1590,31.9019689559937,2.64180860798111
2016-11-02 09:30:00,1608.6,32.2460527420044,2.8292098985011
2016-11-02 09:30:00,1628.2,30.2938524881998,2.46226247670044
2016-11-02 09:30:00,1628.2,32.482099533081,2.77038967474332
2016-11-02 09:30:00,1570.5,31.2489781379699,2.276420949142
2016-11-02 10:00:00,1716.8,35.5209045410156,3.48709259096244
2016-11-02 10:00:00,1695,35.1323919296265,3.50696758469311
2016-11-02 10:00:00,1709.4,35.6977434158325,3.58652014348765
2016-11-02 10:00:00,1724.6,35.6279837290446,3.54730992936486
2016-11-02 10:00:00,1724.6,35.6689214706421,4.46810203202362
2016-11-02 10:00:00,1680.5,34.3479022979736,3.14546772058591
2016-11-02 10:30:00,1772.8,37.3902606964111,3.93207342267178
2016-11-02 10:30:00,1772.8,37.2261486053467,3.92706506408821
2016-11-02 10:30:00,1783.1,37.5659847259521,3.9360004765313
2016-11-02 10:30:00,1790.9,31.876051902771,2.90067458976016
2016-11-02 10:30:00,1790.9,37.8155698776245,4.06521182934361
2016-11-02 10:30:00,1761.6,37.456958770752,4.11936349345821
2016-11-02 11:00:00,1817.6,39.3073892593384,4.42361582805668
2016-11-02 11:00:00,1817.6,39.1879663467407,4.46710516545921
2016-11-02 11:00:00,1821.3,39.6161069869995,4.59561984606067
2016-11-02 11:00:00,1825,40.2252763112386,4.78365447518449
2016-11-02 11:00:00,1825,40.0494260787964,4.64218662888566
2016-11-02 11:00:00,1811.5,38.9552783966065,4.49906733932076
2016-11-02 11:30:00,1831.4,42.3397626876831,5.47570880323307
2016-11-02 11:30:00,1831.4,43.1383590698242,5.67308393149333
2016-11-02 11:30:00,1829.8,43.431263923645,5.63496623130727
2016-11-02 11:30:00,1828.4,43.1939811706543,5.6104549974608
2016-11-02 11:30:00,1828.4,43.3267135620117,5.61897916661476
2016-11-02 11:30:00,1830.7,42.1325902938843,5.32657701555491
2016-11-02 12:00:00,1815.1,43.4716606140136,5.75558247409557
2016-11-02 12:00:00,1815.1,43.593547821045,5.74888709003859
2016-11-02 12:00:00,1809.9,42.9005689620971,5.44830405112281
2016-11-02 12:00:00,1802.7,43.0526304244995,5.38631863788165
2016-11-02 12:00:00,1802.7,42.5556011199952,5.27870337592788
2016-11-02 12:00:00,1818.2,43.4420537948609,5.87200593657293
2016-11-02 12:30:00,1754,43.2563285827637,5.44118368014746
2016-11-02 12:30:00,1754,43.6487236022949,5.46642452529726
2016-11-02 12:30:00,1742.4,43.3310432434082,5.64893845542861
2016-11-02 12:30:00,1730.8,43.0299237569173,5.48616225286749
2016-11-02 12:30:00,1730.8,43.8494834899902,5.8954924305506
2016-11-02 12:30:00,1793.8,42.591854095459,5.67656487520173
2016-11-02 13:00:00,1695.4,42.8875064849854,5.51389563961874
2016-11-02 13:00:00,1695.4,43.405288696289,5.74728147317267
2016-11-02 13:00:00,1678.5,43.0519437789917,5.46175474515682
2016-11-02 13:00:00,1667.5,43.0696611404419,5.56027120509662
2016-11-02 13:00:00,1667.5,42.9530200958252,5.49691846083503
2016-11-02 13:00:00,1712.5,43.2620153427124,5.93904751977047
2016-11-02 13:30:00,1594.9,42.9752426147461,5.58368243738344
2016-11-02 13:30:00,1594.9,43.097074508667,5.73803149699531
2016-11-02 13:30:00,1564.1,43.0115013122558,5.7331114693572
2016-11-02 13:30:00,1559,39.7122529347738,4.87445675163115
2016-11-02 13:30:00,1559,43.170696258545,5.71704248688192
2016-11-02 13:30:00,1615.9,43.0986614227294,5.79424565985059
2016-11-02 14:00:00,1458.3,42.5494480133056,5.53843005008298
2016-11-02 14:00:00,1458.3,42.9208736419678,5.55907638422849
2016-11-02 14:00:00,1434.8,42.7866773605347,5.48313444977311
2016-11-02 14:00:00,1408.8,42.8001003265381,5.51433748645022
2016-11-02 14:00:00,1408.8,43.0805263519287,5.66550612964663
2016-11-02 14:00:00,1486.7,43.2483978271485,5.84917555291273
2016-11-02 14:30:00,1311.2,39.8358869552613,4.72603411282355
2016-11-02 14:30:00,1311.2,40.8742780685425,5.02650632476234
2016-11-02 14:30:00,1231.2,40.2353401184082,4.72152391506076
2016-11-02 14:30:00,1263.3,35.0691801252819,3.70827967917915
2016-11-02 14:30:00,1263.3,40.2764015197754,4.9553580824696
2016-11-02 14:30:00,1331.9,41.361680984497,5.43139338650785
2016-11-02 15:00:00,1090.1,39.3105278015136,4.92537788619844
2016-11-02 15:00:00,1090.1,39.7521800994873,4.80547911397175
2016-11-02 15:00:00,1062.2,39.3360910415649,4.61775182478898
2016-11-02 15:00:00,1064.7,39.4847997029622,4.62259544097422
2016-11-02 15:00:00,1064.7,39.1020145416259,4.69566218573045
2016-11-02 15:00:00,1173.9,40.4192981719971,5.1271308475595
2016-11-02 15:30:00,936.5,38.7178564071655,4.51902359752227
2016-11-02 15:30:00,936.5,38.0941171646118,4.36570137439851
2016-11-02 15:30:00,907,38.4431610107422,4.38485911610633
2016-11-02 15:30:00,868.5,38.3330663045247,4.28089220864648
2016-11-02 15:30:00,868.5,38.5736389160157,4.44684581057971
2016-11-02 15:30:00,974.1,38.6175537109375,4.68061102157495
2016-11-02 16:00:00,493.8,36.323745727539,3.88043107248229
2016-11-02 16:00:00,493.8,35.2394199371338,3.67489046782309
2016-11-02 16:00:00,440.7,35.7205600738526,3.99277580792242
2016-11-02 16:00:00,478.2,35.088877360026,3.81160381649769
2016-11-02 16:00:00,478.2,35.1334047317505,3.71499972440529
2016-11-02 16:00:00,595.9,36.1470909118652,4.03817689683322
2016-11-02 16:30:00,527,35.0429601669312,3.70636015465174
2016-11-02 16:30:00,527,34.2129201889038,3.65689079146966
2016-11-02 16:30:00,455,33.7139797210694,3.24316585296335
2016-11-02 16:30:00,317.8,34.1734879811605,3.80644982537034
2016-11-02 16:30:00,317.8,33.9467306137085,3.50879882070232
2016-11-02 16:30:00,536.7,34.5369691848754,3.78367695475133
2016-11-02 17:00:00,83.3,33.2753429412842,3.46917119196102
2016-11-02 17:00:00,83.3,33.0161628723145,3.27138738642181
2016-11-02 17:00:00,121.8,32.5003519058228,3.10646210114472
2016-11-02 17:00:00,133.7,32.428455988566,3.09484627063457
2016-11-02 17:00:00,133.7,32.0906376838684,3.07771327620986
2016-11-02 17:00:00,105,32.9035444259643,3.35931651521884
2016-11-02 17:30:00,62.3,30.3502125740051,2.57983800556134
2016-11-02 17:30:00,62.3,30.4381103515625,2.37445411489763
2016-11-02 17:30:00,53.7,29.759298324585,2.47621804816228
2016-11-02 17:30:00,48.9,29.7424697875976,2.3381639676378
2016-11-02 17:30:00,48.9,29.4929494857788,2.30677472670374
2016-11-02 17:30:00,122.9,30.7184844017029,2.56799370128095
2016-11-02 18:00:00,23.5,28.1933159828186,2.05264908074547
2016-11-02 18:00:00,23.5,28.1723651885986,1.9364882470721
2016-11-02 18:00:00,16.8,27.8533563613892,2.1450203443411
2016-11-02 18:00:00,11.5,25.7543986638387,1.63393347936469
2016-11-02 18:00:00,11.5,27.6893305778503,1.89931100103223
2016-11-02 18:00:00,30.4,28.5051498413086,1.98648191873879
2016-11-02 18:30:00,0.2,26.2219824790955,1.66998467287557
2016-11-02 18:30:00,0.2,26.2399044036865,1.59096551258416
2016-11-02 18:30:00,0,26.0480642318726,1.83938220330661
2016-11-02 18:30:00,0,25.8626963297526,1.43718373648525
2016-11-02 18:30:00,0,25.8214426040649,1.57103532952523
2016-11-02 18:30:00,1.4,26.4713997840881,1.57385748460783
2016-11-02 19:00:00,0,24.8586106300354,1.42012489960926
2016-11-02 19:00:00,0,24.8680639266967,1.29311471451055
2016-11-02 19:00:00,0,24.7538437843322,1.55583613850144
2016-11-02 19:00:00,0,24.6124548912048,1.20885981448529
2016-11-02 19:00:00,0,24.5886282920837,1.37583339188609
2016-11-02 19:00:00,0,25.105938911438,1.26809439710273
2016-11-02 19:30:00,0,23.8439741134643,1.27827115558689
2016-11-02 19:30:00,0,23.8261904716491,1.07166769991126
2016-11-02 19:30:00,0,23.7003879547119,1.29002257220757
2016-11-02 19:30:00,0,22.0461896260579,0.959889769395846
2016-11-02 19:30:00,0,23.5298800468445,1.16152959461382
2016-11-02 19:30:00,0,23.9985165596009,1.06679681441754
2016-11-02 20:00:00,0,23.3315854072571,1.22381395972885
2016-11-02 20:00:00,0,23.2898721694947,0.947426297145014
2016-11-02 20:00:00,0,23.2495594024658,1.16575967759913
2016-11-02 20:00:00,0,21.5652778943379,0.875449254825676
2016-11-02 20:00:00,0,23.1885166168212,0.949002048875139
2016-11-02 20:00:00,0,23.4269151687622,1.07141253059915
2016-11-02 20:30:00,0,22.7949566841125,1.16217669227859
2016-11-02 20:30:00,0,22.8062252998352,0.846119294197445
2016-11-02 20:30:00,0,22.7177238464356,1.06223836860002
2016-11-02 20:30:00,0,22.6799556414286,0.856617086609496
2016-11-02 20:30:00,0,22.7596912384033,0.805469783293904
2016-11-02 20:30:00,0,22.7945456504821,0.894988670610517
2016-11-02 21:00:00,0,22.1679282188416,1.10032381580428
2016-11-02 21:00:00,0,22.2025194168091,0.746061829782535
2016-11-02 21:00:00,0,21.9711227416992,0.960421396578996
2016-11-02 21:00:00,0,21.7886034647623,0.713846813528868
2016-11-02 21:00:00,0,21.6845188140869,0.737538448954695
2016-11-02 21:00:00,0,22.3675041198731,0.766766500485266
2016-11-02 21:30:00,0,20.7714548110961,0.948531078958938
2016-11-02 21:30:00,0,20.7961525917054,0.640128822502524
2016-11-02 21:30:00,0,20.6013426780701,0.799386186499375
2016-11-02 21:30:00,0,20.5923403104146,0.624152953359523
2016-11-02 21:30:00,0,20.6508288383483,0.63611253949895
2016-11-02 21:30:00,0,20.9332504272461,0.655355115166378
2016-11-02 22:00:00,0,21.0453023910522,1.02381424217658
2016-11-02 22:00:00,0,20.9854907989502,0.659313533445573
2016-11-02 22:00:00,0,21.0663347244263,0.873274594004476
2016-11-02 22:00:00,0,21.0560361544291,0.68898069854242
2016-11-02 22:00:00,0,21.0057392120362,0.67477361721009
2016-11-02 22:00:00,0,20.9343338012695,0.66550803741071
2016-11-02 22:30:00,0,20.2808876037598,0.944311296817619
2016-11-02 22:30:00,0,20.2706952095032,0.587933554098541
2016-11-02 22:30:00,0,20.1618943214417,0.777252441144954
2016-11-02 22:30:00,0,20.0888080596924,0.605593551099109
2016-11-02 22:30:00,0,20.0949926376342,0.59632850682572
2016-11-02 22:30:00,0,20.4446706771851,0.628342914822674
2016-11-02 23:00:00,0,19.9803347587586,0.92537032556933
2016-11-02 23:00:00,0,20.0005731582642,0.585499034029625
2016-11-02 23:00:00,0,19.9402947425842,0.771772665574416
2016-11-02 23:00:00,0,19.9059936205546,0.602033353946002
2016-11-02 23:00:00,0,19.903293132782,0.594331752267552
2016-11-02 23:00:00,0,19.9650826454163,0.613251338265659
2016-11-02 23:30:00,0,19.9212794303894,0.930916783233581
2016-11-02 23:30:00,0,19.9651823043823,0.587297324985241
2016-11-02 23:30:00,0,19.8914947509766,0.772530698977741
2016-11-02 23:30:00,0,19.7918720245361,0.599417363901292
2016-11-02 23:30:00,0,19.7843117713928,0.594816479591031
2016-11-02 23:30:00,0,19.883011341095,0.618689388916482
2016-11-03,0,19.0787363052368,0.83061837831062
2016-11-03,0,19.0953421592713,0.532557429143004
2016-11-03,0,19.0081615447998,0.693251734894856
2016-11-03,0,19.0381113688151,0.559557534204374
2016-11-03,0,19.0263757705688,0.544399251110769
2016-11-03,0,19.2212376594543,0.570289820941902
2016-11-03 00:30:00,0,18.8939990997315,0.819939467641511
2016-11-03 00:30:00,0,18.8034377098083,0.531964186442578
2016-11-03 00:30:00,0,18.8251161575318,0.691210878647575
2016-11-03 00:30:00,0,18.7505629857381,0.556018122091983
2016-11-03 00:30:00,0,18.743842124939,0.53417869864762
2016-11-03 00:30:00,0,18.9430356025696,0.562822004807699
2016-11-03 01:00:00,0,18.4018893241883,0.776421386694636
2016-11-03 01:00:00,0,18.3863849639893,0.516035330345526
2016-11-03 01:00:00,0,18.3500022888183,0.665743883641613
2016-11-03 01:00:00,0,18.3256392478943,0.542001448892667
2016-11-03 01:00:00,0,18.3467426300049,0.523642673668756
2016-11-03 01:00:00,0,18.4101524353027,0.540035259566161
2016-11-03 01:30:00,0,18.1074075698853,0.752496505274631
2016-11-03 01:30:00,0,18.0976696014404,0.50592248435126
2016-11-03 01:30:00,0,18.0541629791259,0.653785472054718
2016-11-03 01:30:00,0,16.8296327590942,0.487582313674606
2016-11-03 01:30:00,0,17.9488134384155,0.508625432203269
2016-11-03 01:30:00,0,18.185625076294,0.537304110109543
2016-11-03 02:00:00,0,17.3931617736816,0.685152544912438
2016-11-03 02:00:00,0,17.313738822937,0.471965356228767
2016-11-03 02:00:00,0,17.1942453384399,0.59584407157033
2016-11-03 02:00:00,0,15.97842725118,0.447081808276938
2016-11-03 02:00:00,0,17.1269092559814,0.479974104172735
2016-11-03 02:00:00,0,17.42405128479,0.500904254252564
2016-11-03 02:30:00,0,16.8983745574951,0.643056339721505
2016-11-03 02:30:00,0,16.8438291549683,0.453858853250351
2016-11-03 02:30:00,0,16.8025135993958,0.580935592872297
2016-11-03 02:30:00,0,16.7928568522135,0.476023627158369
2016-11-03 02:30:00,0,16.8003344535827,0.464988194718472
2016-11-03 02:30:00,0,16.9424481391907,0.485105298457321
2016-11-03 03:00:00,0,16.6212277412415,0.627667956341641
2016-11-03 03:00:00,0,16.6398468017578,0.441141008428963
2016-11-03 03:00:00,0,16.6499643325806,0.579403347588832
2016-11-03 03:00:00,0,16.6336863835653,0.471592672461147
2016-11-03 03:00:00,0,16.6472206115723,0.461736574566095
2016-11-03 03:00:00,0,16.6522397994995,0.472002839137869
2016-11-03 03:30:00,0,16.7352347373962,0.646404059864412
2016-11-03 03:30:00,0,16.7048950195312,0.453908268845026
2016-11-03 03:30:00,0,16.7359519004822,0.598427977124986
2016-11-03 03:30:00,0,16.7525979677836,0.493686314097629
2016-11-03 03:30:00,0,16.7097563743591,0.472702072411237
2016-11-03 03:30:00,0,16.6707673072815,0.485078075875473
2016-11-03 04:00:00,0,16.3396797180175,0.621876644240281
2016-11-03 04:00:00,0,16.3512983322143,0.439597670745059
2016-11-03 04:00:00,0,16.3313684463501,0.570639863066824
2016-11-03 04:00:00,0,16.2238292694092,0.461343687579671
2016-11-03 04:00:00,0,16.1954936981201,0.447851901295423
2016-11-03 04:00:00,0,16.4730892181396,0.478994614871368
2016-11-03 04:30:00,0,15.9453544616699,0.589241187774247
2016-11-03 04:30:00,0,15.9290995597839,0.424024345569556
2016-11-03 04:30:00,0,15.8959589004517,0.545135578045544
2016-11-03 04:30:00,0,15.8000030517578,0.445413533335681
2016-11-03 04:30:00,0,15.8074083328247,0.431256722289737
2016-11-03 04:30:00,0,15.9513792991638,0.45666826438308
2016-11-03 05:00:00,25.8,15.6048502922058,0.584314350013078
2016-11-03 05:00:00,25.8,15.6718182563782,0.423784948218537
2016-11-03 05:00:00,32,15.6999862194061,0.536163020293575
2016-11-03 05:00:00,37.7,14.8680182298025,0.428397996841581
2016-11-03 05:00:00,37.7,15.823860168457,0.452534125723283
2016-11-03 05:00:00,28.8,15.6808528900146,0.455503653971555
2016-11-03 05:30:00,64,16.1867725849152,0.611192287584489
2016-11-03 05:30:00,64,16.7791690826416,0.417914747000822
2016-11-03 05:30:00,62.1,16.6499428749085,0.517409223342757
2016-11-03 05:30:00,66.5,16.8600829442343,0.444142450001272
2016-11-03 05:30:00,66.5,17.2501497268677,0.470511792791393
2016-11-03 05:30:00,53.3,16.49351978302,0.451405577328088
2016-11-03 06:00:00,75.3,18.0720782279969,0.721512545722675
2016-11-03 06:00:00,75.3,19.3258771896363,0.410760845277564
2016-11-03 06:00:00,77.9,19.0433497428894,0.512163103075714
2016-11-03 06:00:00,80.1,19.010487874349,0.459876960762047
2016-11-03 06:00:00,80.1,19.9144248962402,0.483134085917521
2016-11-03 06:00:00,74.8,18.7371006011963,0.383215910826048
2016-11-03 06:30:00,97.9,21.2080564498902,0.900772408320947
2016-11-03 06:30:00,97.9,21.1890120506287,0.365427115160607
2016-11-03 06:30:00,105.2,21.6030912399292,0.547425062663825
2016-11-03 06:30:00,123.2,21.8361740112305,0.515775982935094
2016-11-03 06:30:00,123.2,21.6799006462097,0.480819570918613
2016-11-03 06:30:00,94,20.8313350677491,0.362929949071489
2016-11-03 07:00:00,327.6,24.3016982078552,0.85723125572373
2016-11-03 07:00:00,327.6,23.1574363708496,0.79097340070853
2016-11-03 07:00:00,493,23.101616859436,0.831119756945902
2016-11-03 07:00:00,536.9,23.7412700653076,0.794950854410259
2016-11-03 07:00:00,536.9,23.815016746521,0.905452532636037
2016-11-03 07:00:00,191.6,22.4286775588989,0.618448244863317
2016-11-03 07:30:00,910.7,24.8417735099792,1.09282791542948
2016-11-03 07:30:00,910.7,25.0796284675598,1.10806984068372
2016-11-03 07:30:00,941.5,25.7098364830017,1.13326648512919
2016-11-03 07:30:00,972.9,25.6513867378235,1.20624337592479
2016-11-03 07:30:00,972.9,25.4345445632934,1.13170049977793
2016-11-03 07:30:00,878.8,24.7559032440186,0.90302293832179
2016-11-03 08:00:00,1051.2,26.6383066177368,1.21734107678055
2016-11-03 08:00:00,1051.2,26.4215297698975,1.25494510650808
2016-11-03 08:00:00,1127.2,27.0861039161682,1.33478069984774
2016-11-03 08:00:00,1155.7,27.5457995732625,1.42692003089944
2016-11-03 08:00:00,1155.7,27.4336476325989,1.38015175913716
2016-11-03 08:00:00,1066.2,26.6645088195801,1.18368228609961
2016-11-03 08:30:00,1265.9,28.3274717330933,1.59194465069729
2016-11-03 08:30:00,1265.9,28.2107520103455,1.61779661748116
2016-11-03 08:30:00,1331.2,28.7088689804077,1.70926051243504
2016-11-03 08:30:00,1278.4,27.9718386332194,1.64351752028744
2016-11-03 08:30:00,1278.4,28.5834465026855,1.68587769691989
2016-11-03 08:30:00,1239.1,28.1736311912536,1.4352363020259
2016-11-03 09:00:00,1415.6,29.5349469184875,1.94550004618511
2016-11-03 09:00:00,1415.6,29.6396617889405,1.94827969397375
2016-11-03 09:00:00,1437.3,29.7459144592285,1.96043469709714
2016-11-03 09:00:00,1461.2,28.0948451360067,1.75877555062951
2016-11-03 09:00:00,1461.2,29.9935970306396,1.92972342829716
2016-11-03 09:00:00,1427.2,29.9405212402344,1.77078571389629
2016-11-03 09:30:00,1549.8,31.2595167160034,2.03220930876301
2016-11-03 09:30:00,1549.8,31.3991084098816,2.10068003554833
2016-11-03 09:30:00,1569.9,31.5294623374939,2.07353735408941
2016-11-03 09:30:00,1590.1,27.2521944046021,1.6034734478194
2016-11-03 09:30:00,1590.1,31.5166349411011,2.16096962319966
2016-11-03 09:30:00,1530,30.7882504463196,2.00419896146124
2016-11-03 10:00:00,1646.5,33.3527021408081,2.50122400357593
2016-11-03 10:00:00,1646.5,33.1580047607422,2.53753216670598
2016-11-03 10:00:00,1663.6,33.7115421295166,2.68695966776468
2016-11-03 10:00:00,1677.9,31.5445543924967,2.38138936832685
2016-11-03 10:00:00,1677.9,33.7144412994384,2.71105709587786
2016-11-03 10:00:00,1632.9,32.476821899414,2.42655298783073
2016-11-03 10:30:00,1736.5,35.8759708404541,3.02117622765773
2016-11-03 10:30:00,1736.5,36.0028495788575,3.16982146437129
2016-11-03 10:30:00,1747.8,36.6607055664062,3.12617588824272
2016-11-03 10:30:00,1758.9,36.2115097045899,3.30432950114983
2016-11-03 10:30:00,1758.9,36.4874992370605,3.24566330620716
2016-11-03 10:30:00,1724.6,35.3861465454101,3.1234427080281
2016-11-03 11:00:00,1778.8,37.922981262207,3.64220806935467
2016-11-03 11:00:00,1778.8,37.9502792358398,3.76524621150749
2016-11-03 11:00:00,1786.6,39.0027465820312,3.88459818316282
2016-11-03 11:00:00,1798.5,36.0892836252848,3.5224305965995
2016-11-03 11:00:00,1798.5,39.5100479125976,4.19593752846086
2016-11-03 11:00:00,1782.1,37.9390144348145,3.78801829667346
2016-11-03 11:30:00,1806.8,41.5212631225586,4.63236134631748
2016-11-03 11:30:00,1806.8,41.3429660797119,4.66480144749951
2016-11-03 11:30:00,1805.6,42.2531795501709,5.18659498521043
2016-11-03 11:30:00,1798.4,41.6822547912598,4.51857172874975
2016-11-03 11:30:00,1798.4,42.0564956665039,5.07303947030757
2016-11-03 11:30:00,1806.8,39.9643173217773,4.41652051422567
2016-11-03 12:00:00,1790,42.8728389739991,5.11752209550418
2016-11-03 12:00:00,1790,43.1956586837768,5.18071104873075
2016-11-03 12:00:00,1784.7,43.4581956863403,5.41820205496454
2016-11-03 12:00:00,1778.9,43.6263484954834,5.54280776852507
2016-11-03 12:00:00,1778.9,43.762056350708,5.41297888875165
2016-11-03 12:00:00,1794.1,42.8147926330566,5.53690566114543
2016-11-03 12:30:00,1729.6,43.5122985839844,5.37056274117169
2016-11-03 12:30:00,1761.4,42.5778732299805,5.13097472313468
2016-11-03 12:30:00,1753.4,43.2244930267334,5.18622692903769
2016-11-03 12:30:00,1742.4,36.7819633483887,3.67655311258591
2016-11-03 12:30:00,1725.1,43.3453216552735,5.5752334332277
2016-11-03 12:30:00,1755.2,43.7497501373291,5.82757251286227
2016-11-03 13:00:00,1670.4,43.4878711700439,5.42751688232086
2016-11-03 13:00:00,1693,43.9090976715088,5.43317076682206
2016-11-03 13:00:00,1656.2,43.3895168304444,5.47037776868932
2016-11-03 13:00:00,1665.6,43.7089525858561,5.69787354396937
2016-11-03 13:00:00,1616,44.0146560668945,5.87448018568475
2016-11-03 13:00:00,1665.6,43.5696640014648,5.97026139420762
2016-11-03 13:30:00,1537.4,42.9868087768555,5.20093894177739
2016-11-03 13:30:00,1565.5,43.5360298156738,5.51057188899473
2016-11-03 13:30:00,1493.4,36.4232355753581,3.63431840474758
2016-11-03 13:30:00,1493.4,43.0571823120117,5.26949719276757
2016-11-03 14:00:00,1437.5,42.2719497680664,5.16710983215276
2016-11-03 14:00:00,1437.5,42.6085777282714,5.29142225926675
2016-11-03 14:00:00,1413.6,42.4634828567505,5.19960737529055
2016-11-03 14:00:00,1390.4,42.1171808242797,5.17710693430602
2016-11-03 14:00:00,1390.4,41.8807334899902,4.92612200374196
2016-11-03 14:00:00,1460.7,42.611255645752,5.21487544561498
2016-11-03 14:30:00,1290,40.3927488327026,4.74439924504021
2016-11-03 14:30:00,1290,41.7783155441284,5.15902887323111
2016-11-03 14:30:00,1263,41.4785823822021,5.07753092044395
2016-11-03 14:30:00,1237.4,41.3466831843058,5.0197397825531
2016-11-03 14:30:00,1237.4,41.4800844192504,4.89053436423582
2016-11-03 14:30:00,1315.6,41.4489994049072,5.13097815821655
2016-11-03 15:00:00,1120.4,40.5901927947998,5.05977839980274
2016-11-03 15:00:00,1120.4,40.6564712524414,5.0136992036282
2016-11-03 15:00:00,1091.3,40.3504447937012,5.01364236216676
2016-11-03 15:00:00,1061.2,37.4410177866617,4.07905249731793
2016-11-03 15:00:00,1061.2,40.3344697952271,4.95286977552521
2016-11-03 15:00:00,1151.6,41.2136821746826,4.88511414059509
2016-11-03 15:30:00,931.2,39.2492370605468,4.65000470002998
2016-11-03 15:30:00,931.2,38.6509005228679,4.42024365272456
2016-11-03 15:30:00,902.2,39.1989364624023,4.53823411588441
2016-11-03 15:30:00,839.5,39.125192006429,4.55629674694421
2016-11-03 15:30:00,839.5,38.853775024414,4.42376478534913
2016-11-03 15:30:00,966.6,39.3481092453003,4.60197130361543
2016-11-03 16:00:00,424.7,38.6115798950195,4.36891653456268
2016-11-03 16:00:00,424.7,37.4710216522217,4.17538057413348
2016-11-03 16:00:00,387.4,38.0258102416992,4.20107970389719
2016-11-03 16:00:00,374.9,37.1298770904541,3.88073535696803
2016-11-03 16:00:00,374.9,37.7185726165771,4.12917705843554
2016-11-03 16:00:00,498.1,38.5869369506836,4.36910104823801
2016-11-03 16:30:00,516.3,35.7261142730713,3.83455164002684
2016-11-03 16:30:00,516.3,35.3746490478515,3.734381674628
2016-11-03 16:30:00,410.3,34.9293775558472,3.52801080612132
2016-11-03 16:30:00,271.8,34.8386020660401,3.58154323825891
2016-11-03 16:30:00,271.8,35.1603507995605,3.71604476779561
2016-11-03 16:30:00,477.9,35.3618335723877,3.71772469590708
2016-11-03 17:00:00,105.5,35.2497520446777,3.61680263668361
2016-11-03 17:00:00,105.5,34.8517189025878,3.54538525752413
2016-11-03 17:00:00,154,34.5644474029541,3.54322758870221
2016-11-03 17:00:00,142,34.9014825820923,3.59768720480819
2016-11-03 17:00:00,142,33.8761777877807,3.3912508190807
2016-11-03 17:00:00,94.4,34.2127380371094,3.44807593705036
2016-11-03 17:30:00,72.6,33.694746017456,3.40007306953279
2016-11-03 17:30:00,72.6,33.931318283081,3.30598816531586
2016-11-03 17:30:00,60.5,33.6551656723022,3.38054129468078
2016-11-03 17:30:00,54.2,33.4940805435181,3.1853334762221
2016-11-03 17:30:00,54.2,33.35591506958,3.31319564768168
2016-11-03 17:30:00,133.9,33.9317798614502,3.54930609646314
2016-11-03 18:00:00,22,32.1125402450562,2.91205447120758
2016-11-03 18:00:00,22,32.057710647583,2.76305634139847
2016-11-03 18:00:00,15.3,31.7899589538575,2.91697928270965
2016-11-03 18:00:00,9.7,31.4996334711711,2.67622371143813
2016-11-03 18:00:00,9.7,31.3282356262207,2.69375424282564
2016-11-03 18:00:00,27.8,32.3912239074707,3.07159835949958
2016-11-03 18:30:00,0,30.6348099708557,2.50961588570767
2016-11-03 18:30:00,0,30.702956199646,2.3081960624866
2016-11-03 18:30:00,0,30.5054163932801,2.58633578116731
2016-11-03 18:30:00,0,28.2843370437622,2.10839457134668
2016-11-03 18:30:00,0,30.5240755081177,2.46636388569449
2016-11-03 18:30:00,1.2,30.515718460083,2.36088036511492
2016-11-03 19:00:00,0,29.7051916122436,2.3035807900775
2016-11-03 19:00:00,0,29.7071657180786,1.9346746282308
2016-11-03 19:00:00,0,29.4587659835816,2.23339340495277
2016-11-03 19:00:00,0,27.1042057673137,1.77830927378955
2016-11-03 19:00:00,0,29.2138452529908,2.13919027860881
2016-11-03 19:00:00,0,29.9819416999817,1.82612375432341
2016-11-03 19:30:00,0,27.9278230667114,1.92205937801093
2016-11-03 19:30:00,0,27.9568328857422,1.46300058552328
2016-11-03 19:30:00,0,27.7324991226197,1.72854889339488
2016-11-03 19:30:00,0,27.6927339235941,1.5992656123984
2016-11-03 19:30:00,0,27.6743006706238,1.80076177602242
2016-11-03 19:30:00,0,28.2888154983521,1.34613217947245
2016-11-03 20:00:00,0,26.9966259002685,1.75212004345358
2016-11-03 20:00:00,0,26.974048614502,1.20896313957132
2016-11-03 20:00:00,0,26.8989601135254,1.51693147802576
2016-11-03 20:00:00,0,26.8199779192607,1.37970136205439
2016-11-03 20:00:00,0,26.7377433776856,1.6021053009116
2016-11-03 20:00:00,0,27.1109895706176,1.19586750783062
2016-11-03 20:30:00,0,26.0685877799988,1.58603560160123
2016-11-03 20:30:00,0,26.0666208267212,0.935692310377071
2016-11-03 20:30:00,0,25.9437670707703,1.32786777915265
2016-11-03 20:30:00,0,24.0059083302815,1.05016013976386
2016-11-03 20:30:00,0,25.7974882125854,1.40057850656468
2016-11-03 20:30:00,0,26.1320371627808,1.042258803831
2016-11-03 21:00:00,0,25.1195197105408,1.39821280156773
2016-11-03 21:00:00,0,25.1557374000549,0.811907276516011
2016-11-03 21:00:00,0,25.0316972732544,1.15841733939022
2016-11-03 21:00:00,0,24.9753142992655,0.97961044149685
2016-11-03 21:00:00,0,24.8798289299012,1.07224187570014
2016-11-03 21:00:00,0,25.2783317565918,0.867253987680975
2016-11-03 21:30:00,0,24.7918448448182,1.30751585614146
2016-11-03 21:30:00,0,24.7775421142578,0.783506135944141
2016-11-03 21:30:00,0,24.8105969429016,1.11379963654824
2016-11-03 21:30:00,0,23.0750122070312,0.819218492049346
2016-11-03 21:30:00,0,24.8704195022583,0.922830463944073
2016-11-03 21:30:00,0,24.8108615875244,0.82984122473956
2016-11-03 22:00:00,0,24.6500778198242,1.26138942483398
2016-11-03 22:00:00,0,24.6206197738648,0.775226513667701
2016-11-03 22:00:00,0,24.5597448348999,1.06334825467958
2016-11-03 22:00:00,0,24.5698054631551,0.818241011154166
2016-11-03 22:00:00,0,24.5651645660401,0.836704099725292
2016-11-03 22:00:00,0,24.6634974479676,0.828380089942735
2016-11-03 22:30:00,0,24.4116582870484,1.20701831208483
2016-11-03 22:30:00,0,24.3849830627441,0.757897078752658
2016-11-03 22:30:00,0,24.3507232666015,1.02764365159196
2016-11-03 22:30:00,0,24.2296765645345,0.781773681042197
2016-11-03 22:30:00,0,24.1946210861206,0.781697385949662
2016-11-03 22:30:00,0,24.4433031082153,0.806354347837439
2016-11-03 23:00:00,0,23.3464183807373,1.03748782371671
2016-11-03 23:00:00,0,23.3632678985596,0.681544798087029
2016-11-03 23:00:00,0,23.2433080673217,0.884949888627371
2016-11-03 23:00:00,0,21.55961449941,0.634405903187107
2016-11-03 23:00:00,0,23.2137007713318,0.705655487272701
2016-11-03 23:00:00,0,23.4825382232666,0.724986344549915
2016-11-03 23:30:00,0,23.2101411819458,1.0254442796879
2016-11-03 23:30:00,0,23.199767589569,0.697300801193702
2016-11-03 23:30:00,0,23.1512470245361,0.89835664752909
2016-11-03 23:30:00,0,23.0637674331665,0.712656809373476
2016-11-03 23:30:00,0,23.0517692565918,0.717715329747385
2016-11-03 23:30:00,0,23.2381839752198,0.73566049370297
2016-11-04,0,22.8609094619751,0.981922946976106
2016-11-04,0,22.821810245514,0.670697927514196
2016-11-04,0,22.8295588493347,0.871242350181423
2016-11-04,0,22.8567705154419,0.701374880429731
2016-11-04,0,22.877779006958,0.701123899978746
2016-11-04,0,22.8273034095764,0.715540057837677
2016-11-04 00:30:00,0,22.4286241531372,0.934030462472248
2016-11-04 00:30:00,0,22.3831605911254,0.645826318948198
2016-11-04 00:30:00,0,22.3197917938232,0.824479823914934
2016-11-04 00:30:00,0,22.2204159100851,0.650517373916566
2016-11-04 00:30:00,0,22.2474980354309,0.642432595046693
2016-11-04 00:30:00,0,22.5950212478637,0.694983366250709
2016-11-04 01:00:00,0,21.9970006942749,0.894782194728859
2016-11-04 01:00:00,0,22.0066833496094,0.631799731739771
2016-11-04 01:00:00,0,21.9137144088745,0.805807881025705
2016-11-04 01:00:00,0,21.8725771903991,0.646989736235519
2016-11-04 01:00:00,0,21.818865776062,0.634576276383564
2016-11-04 01:00:00,0,22.0917568206787,0.675018241663966
2016-11-04 01:30:00,0,21.2540440559387,0.83056920836995
2016-11-04 01:30:00,0,21.2107162475586,0.588365811567196
2016-11-04 01:30:00,0,21.1130423545837,0.747166344357935
2016-11-04 01:30:00,0,21.1518338521321,0.619013048717379
2016-11-04 01:30:00,0,21.1058406829834,0.606021247539218
2016-11-04 01:30:00,0,21.2219047546387,0.622815109801799
2016-11-04 02:00:00,0,20.9731893539428,0.823621434253831
2016-11-04 02:00:00,0,20.9602680206299,0.590433782942398
2016-11-04 02:00:00,0,20.8433327674866,0.745774849210984
2016-11-04 02:00:00,0,20.7590441703796,0.598573766404346
2016-11-04 02:00:00,0,20.703987121582,0.589835478560383
2016-11-04 02:00:00,0,21.1026639938354,0.646087783160182
2016-11-04 02:30:00,0,19.9334959983826,0.742641537907283
2016-11-04 02:30:00,0,19.9488244056702,0.536777370374914
2016-11-04 02:30:00,0,19.7577047348022,0.667391452344614
2016-11-04 02:30:00,0,19.6998847325643,0.541076096950344
2016-11-04 02:30:00,0,19.6539812088013,0.534866546840307
2016-11-04 02:30:00,0,20.063895702362,0.574593298671904
2016-11-04 03:00:00,0,19.0834798812866,0.694823654725639
2016-11-04 03:00:00,0,19.0776357650757,0.505641406298259
2016-11-04 03:00:00,0,19.0110654830932,0.636654885075858
2016-11-04 03:00:00,0,17.7242794036866,0.482753584180432
2016-11-04 03:00:00,0,18.9973177909851,0.515388748436121
2016-11-04 03:00:00,0,19.1252527236939,0.539175452409039
2016-11-04 03:30:00,0,19.2656974792481,0.729241205490005
2016-11-04 03:30:00,0,19.2900004386902,0.530769550861146
2016-11-04 03:30:00,0,19.3449931144714,0.687101985562558
2016-11-04 03:30:00,0,19.4286568959554,0.565257236354124
2016-11-04 03:30:00,0,19.4137134552002,0.553014803546852
2016-11-04 03:30:00,0,19.1345396041871,0.549966754651918
2016-11-04 04:00:00,0,17.1253452301025,0.514498136567191
2016-11-04 04:00:00,0,17.0843210220336,0.366358086728614
2016-11-04 04:00:00,0,16.13689661026,0.386437681714607
2016-11-04 04:00:00,0,15.1239396731059,0.289115072068882
2016-11-04 04:00:00,0,16.1475038528442,0.322622698540029
2016-11-04 04:00:00,0,18.360239982605,0.486992330959296
2016-11-04 04:30:00,1.2,10.6950931549072,0.129871104169682
2016-11-04 04:30:00,0,14.282368183136,0.230003328676588
2016-11-04 04:30:00,4.8,10.1328535079956,0.0957188341649626
2016-11-04 04:30:00,10.2,9.75567022959391,0.0869516686658424
2016-11-04 04:30:00,10.2,13.0057487487793,0.196759269273342
2016-11-04 04:30:00,0,14.0548458099365,0.219307305586166
2016-11-04 05:00:00,40.2,10.1990432739258,0.155489948711896
2016-11-04 05:00:00,40.2,14.092248916626,0.251603774758059
2016-11-04 05:00:00,46.2,10.6022109985352,0.131665433968625
2016-11-04 05:00:00,53.2,9.54574553171794,0.114742569000874
2016-11-04 05:00:00,53.2,14.1999988555908,0.257940372967114
2016-11-04 05:00:00,10.2,12.9713611602783,0.206661245917618
